uid,uid1
192e739f,5de75adb
5de75adb,192e739f
14aec142,a99a8475
a99a8475,14aec142
21e1ffee,d05c03a0
d05c03a0,21e1ffee
3d351947,b2762c42
b2762c42,3d351947
a08f5a06,ab121ca0
ab121ca0,a08f5a06
ef28ae4f,1a19d476
1a19d476,ef28ae4f
bc25cfaa,25ea21ce
25ea21ce,bc25cfaa
a6b2b39d,2aa67fe7
2aa67fe7,a6b2b39d
d643e674,3cc9e48a
3cc9e48a,d643e674
c9b24169,e14243fa
e14243fa,c9b24169
1a19d476,8ebeb23d
8ebeb23d,1a19d476
d643e674,3cc9e48a
3cc9e48a,d643e674
8728ebc5,e2b45cae
e2b45cae,8728ebc5
2afee998,1c01962e
1c01962e,2afee998
14901778,a40816a1
a40816a1,14901778
a024aefa,1e21ba90
1e21ba90,a024aefa
0edb5393,167990a4
167990a4,0edb5393
3007face,600dfbe2
600dfbe2,3007face
57a4c307,371eb492
371eb492,57a4c307
79e044d1,a47ec2b1
a47ec2b1,79e044d1
2c5ae198,d9b5c5b1
d9b5c5b1,2c5ae198
f011b9a9,9f096b15
9f096b15,f011b9a9
ad4375f4,bc814841
bc814841,ad4375f4
ed3c7f8f,19427a03
19427a03,ed3c7f8f
a774b21e,7395c1f9
7395c1f9,a774b21e
625f6cb6,042e36bd
042e36bd,625f6cb6
ef28ae4f,1a19d476
1a19d476,ef28ae4f
71ceb402,d3d17d8d
d3d17d8d,71ceb402
15d8290d,d643e674
d643e674,15d8290d
eb41c986,f8c999bb
f8c999bb,eb41c986
ae03c39b,bf1faee0
bf1faee0,ae03c39b
22c6087a,a4bed04c
a4bed04c,22c6087a
78b85537,62b7e6d2
62b7e6d2,78b85537
8f4d086d,89daca1e
89daca1e,8f4d086d
64114f01,564f354c
564f354c,64114f01
bd5e8e32,20533dbb
20533dbb,bd5e8e32
b88776a6,2a7a1a8c
2a7a1a8c,b88776a6
95f1b6bd,fd3a0792
fd3a0792,95f1b6bd
5350b0ba,17872ef1
17872ef1,5350b0ba
ac9cbee6,f8c4ee12
f8c4ee12,ac9cbee6
ead8402b,a974454d
a974454d,ead8402b

